{"cameraMode":{"drawMode":0,"name":"Shaded","section":"Shading Mode"},"sceneLighting":true,"audioPlay":false,"sceneViewState":{"m_AlwaysRefresh":false,"showFog":true,"showSkybox":true,"showFlares":true,"showImageEffects":true,"showParticleSystems":true,"showVisualEffectGraphs":true,"m_FxEnabled":true},"in2DMode":false,"pivot":{"x":0.5549249649047852,"y":0.13503801822662354,"z":-0.16133356094360352},"rotation":{"x":-0.0033313261810690166,"y":-0.7157796025276184,"z":0.0034668033476918937,"w":-0.6983650922775269},"size":1.907106637954712,"orthographic":false}